"Data Source","World Development Indicators",

"Last Updated Date","2016-05-02",

"Country Name","Country Code","Indicator Name","Indicator Code","1960","1961","1962","1963","1964","1965","1966","1967","1968","1969","1970","1971","1972","1973","1974","1975","1976","1977","1978","1979","1980","1981","1982","1983","1984","1985","1986","1987","1988","1989","1990","1991","1992","1993","1994","1995","1996","1997","1998","1999","2000","2001","2002","2003","2004","2005","2006","2007","2008","2009","2010","2011","2012","2013","2014","2015",
"Aruba","ABW","Central government debt, total (% of GDP)","GC.DOD.TOTL.GD.ZS","","","","","","","","","","","","","","","","","","","","","","","","","","","","","","","","","","","","","","","","","","","","","","","","","","","","","","","","",
"Andorra","AND","Central government debt, total (% of GDP)","GC.DOD.TOTL.GD.ZS","","","","","","","","","","","","","","","","","","","","","","","","","","","","","","","","","","","","","","","","","","","","","","","","","","","","","","","","",
"Afghanistan","AFG","Central government debt, total (% of GDP)","GC.DOD.TOTL.GD.ZS","","","","","","","","","","","","","","","","","","","","","","","","","","","","","","","","","","","","","","","","","","","","","","","","","","","","","","","","",
"Angola","AGO","Central government debt, total (% of GDP)","GC.DOD.TOTL.GD.ZS","","","","","","","","","","","","","","","","","","","","","","","","","","","","","","","","","","","","","","","","","","","","","","","","","","","","","","","","",
"Albania","ALB","Central government debt, total (% of GDP)","GC.DOD.TOTL.GD.ZS","","","","","","","","","","","","","","","","","","","","","","","","","","","","","","","","","","","","35.2888834429933","36.1778716055524","50.8261396015697","52.2577922609753","","","","","","","","","","","","","","","","","",
"Arab World","ARB","Central government debt, total (% of GDP)","GC.DOD.TOTL.GD.ZS","","","","","","","","","","","","","","","","","","","","","","","","","","","","","","","","","","","","","","","","","","","","","","","","","","","","","","","","",
"United Arab Emirates","ARE","Central government debt, total (% of GDP)","GC.DOD.TOTL.GD.ZS","","","","","","","","","","","","","","","","","","","","","","","","","","","","","","","","","","","","","","","","","","","","","","","","","","","","","","1.90764457303038","","",
"Argentina","ARG","Central government debt, total (% of GDP)","GC.DOD.TOTL.GD.ZS","","","","","","","","","","","","","","","","","","","","","","","","","","","","","","","","","","","","","","","","","","","","","","","","","","","","","","","","",
"Armenia","ARM","Central government debt, total (% of GDP)","GC.DOD.TOTL.GD.ZS","","","","","","","","","","","","","","","","","","","","","","","","","","","","","","","","","","","","","","","","","","","","","","","","","","","","","","","","",
"American Samoa","ASM","Central government debt, total (% of GDP)","GC.DOD.TOTL.GD.ZS","","","","","","","","","","","","","","","","","","","","","","","","","","","","","","","","","","","","","","","","","","","","","","","","","","","","","","","","",
"Antigua and Barbuda","ATG","Central government debt, total (% of GDP)","GC.DOD.TOTL.GD.ZS","","","","","","","","","","","","","","","","","","","","","","","","","","","","","","","","","","","","","","","","","","","","","","","","","","","","","","","","",
"Australia","AUS","Central government debt, total (% of GDP)","GC.DOD.TOTL.GD.ZS","","","","","","","","","","","","","","","","","","","","","","","","","","","","","","","12.2461556955698","11.933512313682","14.157053320313","17.8843972898948","20.1885929256453","","","","","31.1444058615736","29.6097638532043","27.4496940459799","25.3035620933702","24.6521887101609","22.6057340601189","22.5523117654396","21.6548331898462","20.2724642667418","18.2862637663516","24.0018929665567","29.2400244951553","30.5135780024755","40.4096305062822","38.3391837878014","","",
"Austria","AUT","Central government debt, total (% of GDP)","GC.DOD.TOTL.GD.ZS","","","","","","","","","","","","","","","","","","","","","","","","","","","","","","","","","","","","","","","","","","","","","","","","","","","79.4083037055265","80.1487203394301","85.3833056904617","83.4110019234184","","",
"Azerbaijan","AZE","Central government debt, total (% of GDP)","GC.DOD.TOTL.GD.ZS","","","","","","","","","","","","","","","","","","","","","","","","","","","","","","","","","","","","","","","","","","","","","","","","","4.57653797474662","6.29501240116287","6.38557579182856","","","","","",
"Burundi","BDI","Central government debt, total (% of GDP)","GC.DOD.TOTL.GD.ZS","","","","","","","","","","","","","","","","","","","","","","","","","","","","","","","","88.7936648764972","103.991579904102","117.630979428415","117.012589933937","128.919219059812","144.097681489928","134.247082847141","151.277211394303","162.561440491875","","","","","","","","","","","","","","","","",
"Belgium","BEL","Central government debt, total (% of GDP)","GC.DOD.TOTL.GD.ZS","","","","","","","","","","","","","","","","","","","","","","","","","","","","","","","","","","","","","","","","","","","","","","","","","","","92.3136426531902","94.9144792790299","103.813920679618","101.545211554842","","",
"Benin","BEN","Central government debt, total (% of GDP)","GC.DOD.TOTL.GD.ZS","","","","","","","","","","","","","","","","","","","","","","","","","","","","","","","","","","","","","","","","","","","","","","","","","","","","","","","","",
"Burkina Faso","BFA","Central government debt, total (% of GDP)","GC.DOD.TOTL.GD.ZS","","","","","","","","","","","","","","","","","","","","","","","","","","","","","","","","","","","","","","","","","","","","","","","","","","","","","","","","",
"Bangladesh","BGD","Central government debt, total (% of GDP)","GC.DOD.TOTL.GD.ZS","","","","","","","","","","","","","","","","","","","","","","","","","","","","","","","","","","","","","","","","","","31.4618431575804","31.863991518402","31.2044521104432","","","","","","","","","","","","",
"Bulgaria","BGR","Central government debt, total (% of GDP)","GC.DOD.TOTL.GD.ZS","","","","","","","","","","","","","","","","","","","","","","","","","","","","","","","","","","","","","","","","","","","","","","","","","","12.9633622101085","14.2769952458653","14.5221218302447","17.202115189951","","","",
"Bahrain","BHR","Central government debt, total (% of GDP)","GC.DOD.TOTL.GD.ZS","","","","","","","","","","","","","","","","","","","","","","","","","","","","","","","8.72736418511066","16.3795586794953","21.2998208687864","19.347414718969","17.8800029674213","16.986451622554","15.8131027247135","16.9605823750437","21.1646810889854","23.6915052697933","25.7449912887257","27.1047507060702","28.2658063832791","32.4533319071862","29.3985431420081","","20.2537395478521","7.54545593404549","7.29263319916957","15.6294022913075","30.3067895852274","35.6051550148023","","","","",
"Bahamas, The","BHS","Central government debt, total (% of GDP)","GC.DOD.TOTL.GD.ZS","","","","","","","","","","","","","","","","","","","","","","","","","","","","","","","","","","","","","","","","","","","","","","","","","","","","","","","","",
"Bosnia and Herzegovina","BIH","Central government debt, total (% of GDP)","GC.DOD.TOTL.GD.ZS","","","","","","","","","","","","","","","","","","","","","","","","","","","","","","","","","","","","","","","","","","","","","","","","","","","","43.1317391697333","47.7828042478129","46.0035935981208","","",
"Belarus","BLR","Central government debt, total (% of GDP)","GC.DOD.TOTL.GD.ZS","","","","","","","","","","","","","","","","","","","","","","","","","","","","","","","","","25.6354786371011","5.18613242398409","75.954859159679","16.8801162413326","11.5201168478601","12.1714657548549","20.1805397650197","15.1031189462403","15.0144518163306","11.440616774975","12.3366860124798","","","6.57022058767027","6.64440183178372","8.9092608163614","10.6566343685377","19.1851840087147","19.5937150566787","40.7548518783124","25.2243645811159","","","",
"Belize","BLZ","Central government debt, total (% of GDP)","GC.DOD.TOTL.GD.ZS","","","","","","","","","","","","","","","","","","","","","","","","","","","","","","","28.0634305774119","28.6434802063992","32.9601727460147","35.3265320470999","37.1674969975016","36.3108910496348","38.8322858157148","","","","","","","","","","","","","82.0043797211915","80.167899034971","76.8742229350044","74.4711450577822","","","",
"Bermuda","BMU","Central government debt, total (% of GDP)","GC.DOD.TOTL.GD.ZS","","","","","","","","","","","","","","","","","","","","","","","","","","","","","","","","","","","","","","","","","","","","","","","","","","","","","","","","",
"Bolivia","BOL","Central government debt, total (% of GDP)","GC.DOD.TOTL.GD.ZS","","","","","","","","","","","","","","","","","","","","","","","","","","","","","","","","","","","","","","","","","","","","","","","","","","","","","","","","",
"Brazil","BRA","Central government debt, total (% of GDP)","GC.DOD.TOTL.GD.ZS","","","","","","","","","","","","","","","","","","","","","","","","","","","","","","","","","","","","","","","","","","","","","","","","","","","","","","","","",
"Barbados","BRB","Central government debt, total (% of GDP)","GC.DOD.TOTL.GD.ZS","","","","","","","","","","","","","","","","","","","","","","","","","","","","","","","","","","","","","","","","","","","","","","62.5149701090443","61.1201353317067","68.7085135063792","74.0648614581066","84.3027914819644","97.5441757732539","107.140162505737","120.541898527707","131.631526979678","","",
"Brunei Darussalam","BRN","Central government debt, total (% of GDP)","GC.DOD.TOTL.GD.ZS","","","","","","","","","","","","","","","","","","","","","","","","","","","","","","","","","","","","","","","","","","","","","","","","","","","","","","","","",
"Bhutan","BTN","Central government debt, total (% of GDP)","GC.DOD.TOTL.GD.ZS","","","","","","","","","","","","","","","","","","","","","","","","","","","","","","","51.1880192526389","47.4653512960086","45.4804885550539","39.3324210003702","32.9392012291965","27.08988148767","36.299846850237","30.7408747223376","29.969266259208","34.3907413132198","39.1259100037186","69.9474057236416","56.368965196401","68.7892850163564","75.2359487498992","79.5339171539796","74.8832369378622","62.7952543120532","60.4102550051147","56.7763136832133","","","","","","",
"Botswana","BWA","Central government debt, total (% of GDP)","GC.DOD.TOTL.GD.ZS","","","","","","","","","","","","","","","","","","","","","","","","","","","","","","","11.3711032492715","12.1168020575228","12.5321505732804","12.4450599461028","12.0423976352474","10.972076070214","11.1567555492122","","","","","","","","","","","","","","21.6304453274079","19.8577762242056","18.7150978815176","","","",
"Central African Republic","CAF","Central government debt, total (% of GDP)","GC.DOD.TOTL.GD.ZS","","","","","","","","","","","","","","","","","","","","","","","","","","","","","","","","","","","","","","","","","","","","","","","","","","","","","","","","",
"Canada","CAN","Central government debt, total (% of GDP)","GC.DOD.TOTL.GD.ZS","","","","","","","","","","","","","","","","","","","","","","","","","","","","","","","","","","","","","","","","","","","","","","","","","","","51.2924618570242","51.8874426981933","52.1085850587693","48.8438602800039","","",
"Central Europe and the Baltics","CEB","Central government debt, total (% of GDP)","GC.DOD.TOTL.GD.ZS","","","","","","","","","","","","","","","","","","","","","","","","","","","","","","","","","","","","14.8929475875377","12.4201036584606","12.4301222162364","12.3393372038497","16.4842436812323","","","","","","","","","","39.6802931743904","40.6381461261685","40.7531983371921","41.594536712932","49.6760357686644","","",
"Switzerland","CHE","Central government debt, total (% of GDP)","GC.DOD.TOTL.GD.ZS","","","","","","","","","","","","","","","","","","","","","","","","","","","","","","","","11.7577139546078","14.5031772762966","17.8187084509048","18.9640343250791","20.3281099577809","21.7024877945298","23.3322201651862","25.6326079643508","23.4816235241832","23.564288949971","22.7158307628917","32.7869378235899","31.964380187303","36.2674307688466","38.2580157341078","33.707064070497","28.6027143946314","26.2041636757298","24.4153424351065","23.7283069358035","24.1914956028948","","","","",
"Channel Islands","CHI","Central government debt, total (% of GDP)","GC.DOD.TOTL.GD.ZS","","","","","","","","","","","","","","","","","","","","","","","","","","","","","","","","","","","","","","","","","","","","","","","","","","","","","","","","",
"Chile","CHL","Central government debt, total (% of GDP)","GC.DOD.TOTL.GD.ZS","","","","","","","","","","","","","","","","","","","","","","","","","","","","","","","","","","","","","","","","","","","","","","","","","","","","","","","","",
"China","CHN","Central government debt, total (% of GDP)","GC.DOD.TOTL.GD.ZS","","","","","","","","","","","","","","","","","","","","","","","","","","","","","","","","","","","","","","","","","","","","","","","","","","","","","","","","",
"Cote d'Ivoire","CIV","Central government debt, total (% of GDP)","GC.DOD.TOTL.GD.ZS","","","","","","","","","","","","","","","","","","","","","","","","","","","","","","","","","","","","171.065447368969","","","","","","","","","","","","","","","","","","","","",
"Cameroon","CMR","Central government debt, total (% of GDP)","GC.DOD.TOTL.GD.ZS","","","","","","","","","","","","","","","","","","","","","","","","","","","","","","","35.6686948009612","48.8665341962956","58.646137344434","62.0099992893703","131.441710220622","127.254371657715","","","97.4988586088011","91.6629364938047","","","","","","","","","","","","","","","","",
"Congo, Rep.","COG","Central government debt, total (% of GDP)","GC.DOD.TOTL.GD.ZS","","","","","","","","","","","","","","","","","","","","","","","","","","","","","","","","","","","","","","","","283.745258874215","","","","0.213918150999114","","","","","","","","","","","","",
"Colombia","COL","Central government debt, total (% of GDP)","GC.DOD.TOTL.GD.ZS","","","","","","","","","","","","","","","","","","","","","","","","","","","","","","","","","","","","","","","5.40391553558507","19.0653505130053","17.7090216321065","","","52.5354205952832","","","","","64.764938539743","68.5788424549152","72.337792613229","62.7718109499856","65.4503129801084","58.645251186299","","",
"Comoros","COM","Central government debt, total (% of GDP)","GC.DOD.TOTL.GD.ZS","","","","","","","","","","","","","","","","","","","","","","","","","","","","","","","","","","","","","","","","","","","","","","","","","","","","","","","","",
"Cabo Verde","CPV","Central government debt, total (% of GDP)","GC.DOD.TOTL.GD.ZS","","","","","","","","","","","","","","","","","","","","","","","","","","","","","","","","","","","","","","","","","","","","","","","","","","","","","","","","",
"Costa Rica","CRI","Central government debt, total (% of GDP)","GC.DOD.TOTL.GD.ZS","","","","","","","","","","","","","","","","","","","","","","","","","","","","","","","","","","","","","29.679380855519","29.674736698731","39.0147860720243","36.1906856613552","36.2496188733895","38.3101578646515","","","","","","","","","","","","","","",
"Caribbean small states","CSS","Central government debt, total (% of GDP)","GC.DOD.TOTL.GD.ZS","","","","","","","","","","","","","","","","","","","","","","","","","","","","","","","","","120.424327805645","88.8039076821268","78.9907864733437","73.1976320924804","81.0447960458505","82.8598799469763","82.0913541389628","89.528191047408","98.9506755887724","118.700277616924","127.772906418086","127.43317792005","122.008120312016","121.002431726919","67.2490913836692","64.4592214881538","120.417261931344","","","","","","","",
"Cuba","CUB","Central government debt, total (% of GDP)","GC.DOD.TOTL.GD.ZS","","","","","","","","","","","","","","","","","","","","","","","","","","","","","","","","","","","","","","","","","","","","","","","","","","","","","","","","",
"Curacao","CUW","Central government debt, total (% of GDP)","GC.DOD.TOTL.GD.ZS","","","","","","","","","","","","","","","","","","","","","","","","","","","","","","","","","","","","","","","","","","","","","","","","","","","","","","","","",
"Cayman Islands","CYM","Central government debt, total (% of GDP)","GC.DOD.TOTL.GD.ZS","","","","","","","","","","","","","","","","","","","","","","","","","","","","","","","","","","","","","","","","","","","","","","","","","","","","","","","","",
"Cyprus","CYP","Central government debt, total (% of GDP)","GC.DOD.TOTL.GD.ZS","","","","","","","","","","","","","","","","","","","","","","","","","","","","","","","86.6187424927989","96.3842339715702","95.833986753712","100.330440026021","91.668314524885","","","","","","","","","","","","","","","","93.8386209052748","104.199881560487","119.56091125134","145.848708588913","","",
"Czech Republic","CZE","Central government debt, total (% of GDP)","GC.DOD.TOTL.GD.ZS","","","","","","","","","","","","","","","","","","","","","","","","","","","","","","","","","","16.0032484073289","14.240818470208","12.3343554108404","10.2240290584579","9.79808130912077","9.79395469122141","10.9085951816922","12.6453766495408","14.2120413832556","14.80785782279","17.5304328951939","19.2633909590994","21.0736924688119","22.6634248906015","23.1247352758572","24.4160528133815","29.5898824705934","33.5564519984187","36.3602458082277","40.8234899746883","","","",
"Germany","DEU","Central government debt, total (% of GDP)","GC.DOD.TOTL.GD.ZS","","","","","","","","","","","","","","","","","","","","","","","","","","","","","","","21.010082821577","","","","","","","","","","","","","","","","","","","","53.8479725277707","53.3842374737341","55.2278518690605","52.3337185641055","","",
"Djibouti","DJI","Central government debt, total (% of GDP)","GC.DOD.TOTL.GD.ZS","","","","","","","","","","","","","","","","","","","","","","","","","","","","","","","","","","","","","","","","","","","","","","","","","","","","","","","","",
"Dominica","DMA","Central government debt, total (% of GDP)","GC.DOD.TOTL.GD.ZS","","","","","","","","","","","","","","","","","","","","","","","","","","","","","","","","","","","","","","","","","","","","","","","","","","","","","","","","",
"Denmark","DNK","Central government debt, total (% of GDP)","GC.DOD.TOTL.GD.ZS","","","","","","","","","","","","","","","","","","","","","","","","","","","","","","","","62.2515251779473","66.7256138944607","78.3665164003824","75.2699962848461","","","","","","","","","","","","","","","","43.0315197684484","49.9151850874112","49.3711360584193","46.5686630516547","","",
"Dominican Republic","DOM","Central government debt, total (% of GDP)","GC.DOD.TOTL.GD.ZS","","","","","","","","","","","","","","","","","","","","","","","","","","","","","","","","","","","","","21.0872024540559","17.9504775786657","","16.7403598513202","","","","","","","","","","","","","","","","",
"Algeria","DZA","Central government debt, total (% of GDP)","GC.DOD.TOTL.GD.ZS","","","","","","","","","","","","","","","","","","","","","","","","","","","","","","","","","","","68.8616825279407","99.5659071347439","85.8360741140779","75.0533797131607","74.6804052171456","80.4982338762725","62.0678041006682","56.9632290898486","47.3337901896608","","","","","","","","","","","","","",
"East Asia & Pacific (developing only)","EAP","Central government debt, total (% of GDP)","GC.DOD.TOTL.GD.ZS","","","","","","","","","","","","","","","","","","","","","","","","","","","","","","","","","42.0846010332006","42.8838601185375","49.5272516169651","39.0705850615186","","","","","","","","","","","","","","","","","","","","",
"East Asia & Pacific (all income levels)","EAS","Central government debt, total (% of GDP)","GC.DOD.TOTL.GD.ZS","","","","","","","","","","","","","","","","","","","","","","","","","","","","","","","","","","","","","","","","","","","","","","","","","","","","","","","","",
"Europe & Central Asia (developing only)","ECA","Central government debt, total (% of GDP)","GC.DOD.TOTL.GD.ZS","","","","","","","","","","","","","","","","","","","","","","","","","","","","","","","","","","","","","","","","","","","","","","","","","","","","","","","","",
"Europe & Central Asia (all income levels)","ECS","Central government debt, total (% of GDP)","GC.DOD.TOTL.GD.ZS","","","","","","","","","","","","","","","","","","","","","","","","","","","","","","","","","","","","","","","","","","","","","","","","","","","46.8107963655799","47.0589419830634","50.918218822781","63.2000140637741","","",
"Ecuador","ECU","Central government debt, total (% of GDP)","GC.DOD.TOTL.GD.ZS","","","","","","","","","","","","","","","","","","","","","","","","","","","","","","","","","","","","","","","","","","","","","","","","","","","","","","","","",
"Egypt, Arab Rep.","EGY","Central government debt, total (% of GDP)","GC.DOD.TOTL.GD.ZS","","","","","","","","","","","","","","","","","","","","","","","","","","","","","","","","","","","","","","","","","","","","","","","","85.7885338345865","","","","","","","","",
"Euro area","EMU","Central government debt, total (% of GDP)","GC.DOD.TOTL.GD.ZS","","","","","","","","","","","","","","","","","","","","","","","","","","","","","","","","","","","","","","","18.0029928785422","21.5188675917402","","","","","","","","","","","67.4531740309336","70.9531814621629","84.4171259508679","88.5245669280178","","",
"Eritrea","ERI","Central government debt, total (% of GDP)","GC.DOD.TOTL.GD.ZS","","","","","","","","","","","","","","","","","","","","","","","","","","","","","","","","","","","","","","","","","","","","","","","","","","","","","","","","",
"Spain","ESP","Central government debt, total (% of GDP)","GC.DOD.TOTL.GD.ZS","","","","","","","","","","","","","","","","","","","","","","","","","","","","","","","35.22800390997","35.2608890680251","37.0848614104403","46.826005463672","48.2356505098531","55.3985415605536","61.0846090985098","60.6768830099083","61.0415825630548","55.9459969551552","53.4387642676983","49.1755854576229","47.542865576921","42.8489095883864","40.9465758547515","37.9585126677742","33.7246779841544","29.7212172578453","33.8680021207536","46.080567654402","53.6144907129436","61.8320218457735","83.4509462112741","96.4723345683963","","",
"Estonia","EST","Central government debt, total (% of GDP)","GC.DOD.TOTL.GD.ZS","","","","","","","","","","","","","","","","","","","","","","","","","","","","","","","","","","","","0.628433348390664","0.565510766853117","0.536487183838853","0.263660454293338","0.350529613446249","","","","","","","","","","","0.519205856014691","0.387819032042257","0.625414512373377","0.62997921547115","","",
"Ethiopia","ETH","Central government debt, total (% of GDP)","GC.DOD.TOTL.GD.ZS","","","","","","","","","","","","","","","","","","","","","","","","","","","","","","","48.3529569208809","50.8858787649859","44.3811735667036","73.2874344892619","92.5041549448277","82.6296763565148","72.1500093626094","69.4216870598482","77.9616791099719","85.5546979166054","","","","","","","","","","","","","","","","",
"European Union","EUU","Central government debt, total (% of GDP)","GC.DOD.TOTL.GD.ZS","","","","","","","","","","","","","","","","","","","","","","","","","","","","","","","","","","","","","","","","","","","","","","","","","","","53.7312316203571","57.6081296597538","61.8821120081487","83.4110019234184","","",
"Fragile and conflict affected situations","FCS","Central government debt, total (% of GDP)","GC.DOD.TOTL.GD.ZS","","","","","","","","","","","","","","","","","","","","","","","","","","","","","","","","","","","","","","","","","","","","","","","","","","","","","","","","",
"Finland","FIN","Central government debt, total (% of GDP)","GC.DOD.TOTL.GD.ZS","","","","","","","","","","","","","","","","","","","","","","","","","","","","","","","10.4697491000989","17.003106570686","34.0788073728374","51.6006721836078","58.2352166402256","","","","","","","","","","","","","","","","46.8107963655799","47.8912373202485","52.4653015871427","53.6881667924417","","",
"Fiji","FJI","Central government debt, total (% of GDP)","GC.DOD.TOTL.GD.ZS","","","","","","","","","","","","","","","","","","","","","","","","","","","","","","","","36.8418217433888","33.6867480345741","36.5528455284553","36.6378536147283","","","","","","","","","","","","","","","","","","","","","",
"France","FRA","Central government debt, total (% of GDP)","GC.DOD.TOTL.GD.ZS","","","","","","","","","","","","","","","","","","","","","","","","","","","","","","","","","","","","","","","","","","","","","","","","","","","76.2784835082245","79.483451529755","88.9239643514465","88.5245669280178","","",
"Faroe Islands","FRO","Central government debt, total (% of GDP)","GC.DOD.TOTL.GD.ZS","","","","","","","","","","","","","","","","","","","","","","","","","","","","","","","","","","","","","","","","","","","","","","","","","","","","","","","","",
"Micronesia, Fed. Sts.","FSM","Central government debt, total (% of GDP)","GC.DOD.TOTL.GD.ZS","","","","","","","","","","","","","","","","","","","","","","","","","","","","","","","","","","","","","","","","","","","","","","","","","","","","","","","","",
"Gabon","GAB","Central government debt, total (% of GDP)","GC.DOD.TOTL.GD.ZS","","","","","","","","","","","","","","","","","","","","","","","","","","","","","","","","","","","","","","","","","","","","","","","","","","","","","","","","",
"United Kingdom","GBR","Central government debt, total (% of GDP)","GC.DOD.TOTL.GD.ZS","","","","","","","","","","","","","","","","","","","","","","","","","","","","","","","30.2033697602461","29.1948970063244","30.3997506535549","35.3135489390082","40.4800904524447","47.6141945840766","47.2607666403587","48.1161017349415","49.3908550339779","45.5096676682731","45.1961325257307","40.7097714856062","41.0116437829318","41.0679584620827","44.3675305630516","46.3146901740656","45.8053366168546","46.7170105079052","57.3825826926481","71.4236213053946","84.1947660888639","97.506607059056","101.950921593814","98.2639835522543","","",
"Georgia","GEO","Central government debt, total (% of GDP)","GC.DOD.TOTL.GD.ZS","","","","","","","","","","","","","","","","","","","","","","","","","","","","","","","","","","","","","","43.4057478905204","56.9044515955438","71.9371804721435","69.938113606046","66.6691828995276","64.9581962294659","53.8060493692922","43.8362208108595","40.923495728943","27.9581002971939","22.68712594988","27.0177714560862","34.6113643945291","36.7997202690969","32.4597615412752","32.5306981139254","","","",
"Ghana","GHA","Central government debt, total (% of GDP)","GC.DOD.TOTL.GD.ZS","","","","","","","","","","","","","","","","","","","","","","","","","","","","","","","","","","","","","","","","","","","","","","","","","","","","","","","","",
"Guinea","GIN","Central government debt, total (% of GDP)","GC.DOD.TOTL.GD.ZS","","","","","","","","","","","","","","","","","","","","","","","","","","","","","","","","","","","","","","","","","","","","","","","","","","","","","","","","",
"Gambia, The","GMB","Central government debt, total (% of GDP)","GC.DOD.TOTL.GD.ZS","","","","","","","","","","","","","","","","","","","","","","","","","","","","","","","","","","","","","","","","","","","","","","","","","","","","","","","","",
"Guinea-Bissau","GNB","Central government debt, total (% of GDP)","GC.DOD.TOTL.GD.ZS","","","","","","","","","","","","","","","","","","","","","","","","","","","","","","","","","","","","","","","","","","","","","","","","","","","","","","","","",
"Equatorial Guinea","GNQ","Central government debt, total (% of GDP)","GC.DOD.TOTL.GD.ZS","","","","","","","","","","","","","","","","","","","","","","","","","","","","","","","","","","","","","","","","","","","","","","","","","","","","","","","","",
"Greece","GRC","Central government debt, total (% of GDP)","GC.DOD.TOTL.GD.ZS","","","","","","","","","","","","","","","","","","","","","","","","","","","","","","","","","","","","","","","","","","","","","","","","","","","132.418742483723","111.113002795702","165.477789379429","181.929564213094","","",
"Grenada","GRD","Central government debt, total (% of GDP)","GC.DOD.TOTL.GD.ZS","","","","","","","","","","","","","","","","","","","","","","","","","","","","","","","","","","","","","","","","","","","","","","","","","","","","","","","","",
"Greenland","GRL","Central government debt, total (% of GDP)","GC.DOD.TOTL.GD.ZS","","","","","","","","","","","","","","","","","","","","","","","","","","","","","","","","","","","","","","","","","","","","","","","","","","","","","","","","",
"Guatemala","GTM","Central government debt, total (% of GDP)","GC.DOD.TOTL.GD.ZS","","","","","","","","","","","","","","","","","","","","","","","","","","","","","","","24.4806851423724","17.7517913078306","15.8312193134152","13.6225081203374","13.1619490409219","11.404999017517","11.2418328744629","11.3452176738095","11.2801678443371","13.4701885924417","16.9838230125754","19.9465024144319","18.3935999821201","20.7110410691027","21.7859469460989","21.2624793525385","21.8766765615875","21.6355730380936","20.053945047623","23.0172339677931","24.4197871430075","24.1625881978201","24.3112739286195","","","",
"Guam","GUM","Central government debt, total (% of GDP)","GC.DOD.TOTL.GD.ZS","","","","","","","","","","","","","","","","","","","","","","","","","","","","","","","","","","","","","","","","","","","","","","","","","","","","","","","","",
"Guyana","GUY","Central government debt, total (% of GDP)","GC.DOD.TOTL.GD.ZS","","","","","","","","","","","","","","","","","","","","","","","","","","","","","","","","","","","","","","","","","","","","","","","","","","","","","","","","",
"High income","HIC","Central government debt, total (% of GDP)","GC.DOD.TOTL.GD.ZS","","","","","","","","","","","","","","","","","","","","","","","","","","","","","","","","","","","","","","","","","","","","","","","","","","","51.1369717974034","53.3842374737341","67.9392849534103","65.7364609687734","","",
"Hong Kong SAR, China","HKG","Central government debt, total (% of GDP)","GC.DOD.TOTL.GD.ZS","","","","","","","","","","","","","","","","","","","","","","","","","","","","","","","","","","","","","","","","","","","27.2354775128513","29.2571065379985","30.8097736765812","31.5768795742587","31.2812512101299","30.1115972715532","29.8903585388351","33.2219761619291","","","","","","",
"Honduras","HND","Central government debt, total (% of GDP)","GC.DOD.TOTL.GD.ZS","","","","","","","","","","","","","","","","","","","","","","","","","","","","","","","","","","","","","","","","","","","","","","","","","","","","","","","","",
"Heavily indebted poor countries (HIPC)","HPC","Central government debt, total (% of GDP)","GC.DOD.TOTL.GD.ZS","","","","","","","","","","","","","","","","","","","","","","","","","","","","","","","","","","","","","","","","","","","","","","","","","","","","","","","","",
"Croatia","HRV","Central government debt, total (% of GDP)","GC.DOD.TOTL.GD.ZS","","","","","","","","","","","","","","","","","","","","","","","","","","","","","","","","","","","","","","","","","","","","","","","","","","","","","","","","",
"Haiti","HTI","Central government debt, total (% of GDP)","GC.DOD.TOTL.GD.ZS","","","","","","","","","","","","","","","","","","","","","","","","","","","","","","","","","","","","","","","","","","","","","","","","","","","","","","","","",
"Hungary","HUN","Central government debt, total (% of GDP)","GC.DOD.TOTL.GD.ZS","","","","","","","","","","","","","","","","","","","","","","","","","","","","","","","","71.5770611498467","75.846001236864","86.5360088583709","83.7275282059981","86.4831150069723","75.2206620384587","67.4633947920294","64.1345426217692","66.6123236484589","61.064161385183","59.328761647937","59.0168602322511","59.8079085353908","63.081018502094","65.292497321365","68.5948733954048","69.2275544548827","72.5431347401548","80.9814822866935","81.6502477940846","90.9990806085173","94.2802104619031","94.5378189692634","","",
"Indonesia","IDN","Central government debt, total (% of GDP)","GC.DOD.TOTL.GD.ZS","","","","","","","","","","","","","","","","","","","","","","","","","","","","","","","42.429254620171","36.6474019496237","39.3048875980138","37.4975613971307","36.570589269125","30.8043242864055","23.923142554795","72.4853673208654","55.2040875295207","45.2079666705402","","","32.2241265309989","29.7173968369546","","","","","","","26.1661330496863","24.8651867947499","25.0343541103907","","","",
"Isle of Man","IMN","Central government debt, total (% of GDP)","GC.DOD.TOTL.GD.ZS","","","","","","","","","","","","","","","","","","","","","","","","","","","","","","","","","","","","","","","","","","","","","","","","","","","","","","","","",
"India","IND","Central government debt, total (% of GDP)","GC.DOD.TOTL.GD.ZS","","","","","","","","","","","","","","","","","","","","","","","","","","","","","","","49.9080201604207","49.1481721283496","48.8246664276597","50.8677440401064","48.7395406168686","46.6731375882283","44.9352806704411","49.4974034497018","49.4519820486","50.4678992415848","54.0562653606081","58.0007544190533","61.4746936752871","61.1182275985582","61.5142061953201","61.1946742151563","59.1099377543981","56.4780712633742","56.1126748555001","54.3059539875255","50.6001292514601","44.5965450599918","50.3113681181844","","","",
"Not classified","INX","Central government debt, total (% of GDP)","GC.DOD.TOTL.GD.ZS","","","","","","","","","","","","","","","","","","","","","","","","","","","","","","","","","","","","","","","","","","","","","","","","","","","","","","","","",
"Ireland","IRL","Central government debt, total (% of GDP)","GC.DOD.TOTL.GD.ZS","","","","","","","","","","","","","","","","","","","","","","","","","","","","","","","","","","","","","","","59.9529135055219","48.5202374699056","38.4312325830442","34.7287474663579","33.6213370742897","32.4482506525103","30.8721714456862","30.7722815123396","27.0160658361937","26.9525519689974","46.826068046759","66.9744858228494","83.6802600644373","109.994837121465","130.494773274368","132.978597426679","","",
"Iran, Islamic Rep.","IRN","Central government debt, total (% of GDP)","GC.DOD.TOTL.GD.ZS","","","","","","","","","","","","","","","","","","","","","","","","","","","","","","","","","","","","","","","","","","","","","","","","","","","","","","","","",
"Iraq","IRQ","Central government debt, total (% of GDP)","GC.DOD.TOTL.GD.ZS","","","","","","","","","","","","","","","","","","","","","","","","","","","","","","","","","","","","","","","","","","","","","","","","","","","","","","","","",
"Iceland","ISL","Central government debt, total (% of GDP)","GC.DOD.TOTL.GD.ZS","","","","","","","","","","","","","","","","","","","","","","","","","","","","","","","29.6721345846053","31.0615882722334","37.3440181358347","42.713061955422","43.7473691492954","45.9693816092896","45.2366803688235","68.2272873259834","63.4404477398032","59.5145642171307","58.9168291596532","61.0906721799497","57.2616962435668","55.0823075920022","48.7055123336431","38.3240195688691","43.3446352116044","41.205786966789","79.6043337972116","99.2564791015506","104.694138313987","112.937882996071","112.504031607696","103.194762335658","","",
"Israel","ISR","Central government debt, total (% of GDP)","GC.DOD.TOTL.GD.ZS","","","","","","","","","","","","","","","","","","","","","","","","","","","","","","","156.096991212348","141.262093420888","137.87112136901","135.504033066796","125.777237722747","104.77683272964","102.951484525325","97.4224748838292","98.2878093939972","91.4080885825928","","","","","","","","","","","","","","","","",
"Italy","ITA","Central government debt, total (% of GDP)","GC.DOD.TOTL.GD.ZS","","","","","","","","","","","","","","","","","","","","","","","","","","","","","","","","71.6333630168098","77.6917123304508","","","","","","","","","","","","","","","","","","114.597458740524","108.257073843767","126.925184181358","134.653501652462","","",
"Jamaica","JAM","Central government debt, total (% of GDP)","GC.DOD.TOTL.GD.ZS","","","","","","","","","","","","","","","","","","","","","","","","","","","","","","","","","120.424327805645","118.720603453179","104.544072946687","94.8828182121558","81.0447960458505","82.8598799469763","82.0913541389628","89.528191047408","98.9506755887724","118.700277616924","127.772906418086","127.43317792005","122.008120312016","121.002431726919","117.694964166378","112.990496892615","120.417261931344","","","","","","","",
"Jordan","JOR","Central government debt, total (% of GDP)","GC.DOD.TOTL.GD.ZS","","","","","","","","","","","","","","","","","","","","","","","","","","","","","","","128.799599970243","129.999661933739","152.590890012204","125.613252736486","116.419016312888","105.065237210427","106.221100182938","100.405318501125","101.193688926266","99.9357144854125","93.742725126687","90.850830215315","85.0926463295821","88.9387067017685","89.0545429803867","79.9519239759384","72.6251290084296","69.9588209042892","56.7848799475343","61.0105512744292","61.3734574861382","61.8545463655638","66.8235277364077","","","",
"Japan","JPN","Central government debt, total (% of GDP)","GC.DOD.TOTL.GD.ZS","","","","","","","","","","","","","","","","","","","","","","","","","","","","","","","","","","","","","","","","","","","","","","","","","","","174.750883320439","189.527377687929","195.563178579126","201.129282191416","","",
"Kazakhstan","KAZ","Central government debt, total (% of GDP)","GC.DOD.TOTL.GD.ZS","","","","","","","","","","","","","","","","","","","","","","","","","","","","","","","","","","","","","","12.183710419417","16.826581763246","26.6262652753744","21.6181598180485","17.6568566729034","15.356287526872","13.2175924706275","","","","","","","","","","","","",
"Kenya","KEN","Central government debt, total (% of GDP)","GC.DOD.TOTL.GD.ZS","","","","","","","","","","","","","","","","","","","","","","","","","","","","","","","","","","","","","","","52.8017948110984","52.6441122981334","","","","","","","","","","","","","","","","",
"Kyrgyz Republic","KGZ","Central government debt, total (% of GDP)","GC.DOD.TOTL.GD.ZS","","","","","","","","","","","","","","","","","","","","","","","","","","","","","","","","","","","","45.6051681315074","71.4341882022112","73.9064124331529","111.21691914316","132.733817753771","114.534392410236","99.330971951713","","","","","","","","","","","","","","",
"Cambodia","KHM","Central government debt, total (% of GDP)","GC.DOD.TOTL.GD.ZS","","","","","","","","","","","","","","","","","","","","","","","","","","","","","","","","","","","","","","","","","","","","","","","","","","","","","","","","",
"Kiribati","KIR","Central government debt, total (% of GDP)","GC.DOD.TOTL.GD.ZS","","","","","","","","","","","","","","","","","","","","","","","","","","","","","","","","","","","","","","","","","","","","","","","","","","","","","","","","",
"St. Kitts and Nevis","KNA","Central government debt, total (% of GDP)","GC.DOD.TOTL.GD.ZS","","","","","","","","","","","","","","","","","","","","","","","","","","","","","","","","","","","","","","","","","","","","","","","","","","","","","","","","",
"Korea, Rep.","KOR","Central government debt, total (% of GDP)","GC.DOD.TOTL.GD.ZS","","","","","","","","","","","","","","","","","","","","","","","","","","","","","","","7.40648120444756","10.191202501988","9.9772125171086","9.21692089111523","8.26654156239426","7.31048477482654","6.93982497887893","8.82340805425519","","","","","","","","","","","","","","","","","","",
"Kosovo","KSV","Central government debt, total (% of GDP)","GC.DOD.TOTL.GD.ZS","","","","","","","","","","","","","","","","","","","","","","","","","","","","","","","","","","","","","","","","","","","","","","","","","","","","","","","","",
"Kuwait","KWT","Central government debt, total (% of GDP)","GC.DOD.TOTL.GD.ZS","","","","","","","","","","","","","","","","","","","","","","","","","","","","","","","","","","","","","","","","","","","","","","","","","","","","","","","","",
"Latin America & Caribbean (developing only)","LAC","Central government debt, total (% of GDP)","GC.DOD.TOTL.GD.ZS","","","","","","","","","","","","","","","","","","","","","","","","","","","","","","","","","","","","","","","","","","","","","","","","","","","","","","","","",
"Lao PDR","LAO","Central government debt, total (% of GDP)","GC.DOD.TOTL.GD.ZS","","","","","","","","","","","","","","","","","","","","","","","","","","","","","","","","","","","","","","","","","","","","","","","","","","","","","","","","",
"Lebanon","LBN","Central government debt, total (% of GDP)","GC.DOD.TOTL.GD.ZS","","","","","","","","","","","","","","","","","","","","","","","","","","","","","","","","","","","","","","96.9088663889814","106.957053742415","128.641269435107","","","","","","","","","","","","","","","","",
"Liberia","LBR","Central government debt, total (% of GDP)","GC.DOD.TOTL.GD.ZS","","","","","","","","","","","","","","","","","","","","","","","","","","","","","","","","","","","","","","","","","","","","","","","","","","","","","","","","",
"Libya","LBY","Central government debt, total (% of GDP)","GC.DOD.TOTL.GD.ZS","","","","","","","","","","","","","","","","","","","","","","","","","","","","","","","","","","","","","","","","","","","","","","","","","","","","","","","","",
"St. Lucia","LCA","Central government debt, total (% of GDP)","GC.DOD.TOTL.GD.ZS","","","","","","","","","","","","","","","","","","","","","","","","","","","","","","","","","","","","","","","","","","","","","","","","","","","","","","","","",
"Latin America & Caribbean (all income levels)","LCN","Central government debt, total (% of GDP)","GC.DOD.TOTL.GD.ZS","","","","","","","","","","","","","","","","","","","","","","","","","","","","","","","","","","","","","","","","","","","","","","","","","","","","","","","","",
"Least developed countries: UN classification","LDC","Central government debt, total (% of GDP)","GC.DOD.TOTL.GD.ZS","","","","","","","","","","","","","","","","","","","","","","","","","","","","","","","","","","","","","","","","","","","","","","","","","","","","","","","","",
"Low income","LIC","Central government debt, total (% of GDP)","GC.DOD.TOTL.GD.ZS","","","","","","","","","","","","","","","","","","","","","","","","","","","","","","","","","","","","","","","","","","","","","","","","","","","","","","","","",
"Liechtenstein","LIE","Central government debt, total (% of GDP)","GC.DOD.TOTL.GD.ZS","","","","","","","","","","","","","","","","","","","","","","","","","","","","","","","","","","","","","","","","","","","","","","","","","","","","","","","","",
"Sri Lanka","LKA","Central government debt, total (% of GDP)","GC.DOD.TOTL.GD.ZS","","","","","","","","","","","","","","","","","","","","","","","","","","","","","","","96.5806255127663","98.4833957754233","95.3619119503954","96.7978140982655","94.8553232346257","94.6498205974494","92.343984335944","86.1058349517508","89.1958239111344","95.1080686170617","96.9040556455609","103.21930805521","102.032166754175","102.270712023476","102.328536698869","90.6049131149854","88.6994841221229","84.9944169483341","","","71.5852790725812","71.1080627180326","68.7104042214884","","","",
"Lower middle income","LMC","Central government debt, total (% of GDP)","GC.DOD.TOTL.GD.ZS","","","","","","","","","","","","","","","","","","","","","","","","","","","","","","","","","","","","","","","","","","","","","","","","","","","","","","","","",
"Low & middle income","LMY","Central government debt, total (% of GDP)","GC.DOD.TOTL.GD.ZS","","","","","","","","","","","","","","","","","","","","","","","","","","","","","","","","","","","","","","","","","","","","","","","","","","","","","","","","",
"Lesotho","LSO","Central government debt, total (% of GDP)","GC.DOD.TOTL.GD.ZS","","","","","","","","","","","","","","","","","","","","","","","","","","","","","","","88.026969481902","","","","","","68.6773090079817","68.7253912165573","73.6181015452539","","","","","","","","","","","","","","","","","",
"Lithuania","LTU","Central government debt, total (% of GDP)","GC.DOD.TOTL.GD.ZS","","","","","","","","","","","","","","","","","","","","","","","","","","","","","","","","","","","","","","14.5198598170404","14.884719716478","21.378253071533","","","","","","","","","","","40.6381461261685","40.7531983371921","46.9998411137722","43.7604995120031","","",
"Luxembourg","LUX","Central government debt, total (% of GDP)","GC.DOD.TOTL.GD.ZS","","","","","","","","","","","","","","","","","","","","","","","","","","","","","","","2.41032487764676","1.87130181470259","2.5078763324657","2.7748958939057","","","","4.42739206460904","","","4.96383048860384","4.68331344869653","4.55296057365036","3.84233347373953","4.02550178051734","3.67532992752283","4.42019044996453","4.68146245590367","12.2940125055117","13.2307704931593","18.1877015015623","16.9961356486298","20.1466199375786","","","",
"Latvia","LVA","Central government debt, total (% of GDP)","GC.DOD.TOTL.GD.ZS","","","","","","","","","","","","","","","","","","","","","","","","","","","","","","","","","","","","13.2038915548334","12.4201036584606","10.3403846154323","8.80729216235349","11.5902342909316","11.8624130380021","13.6027318132494","","","","","","","21.6874553409962","41.7301437052247","50.439955962969","42.265585012835","41.594536712932","","","",
"Macao SAR, China","MAC","Central government debt, total (% of GDP)","GC.DOD.TOTL.GD.ZS","","","","","","","","","","","","","","","","","","","","","","","","","","","","","","","","","","","","","","","","","","","","","","","","","","","","","","","","",
"St. Martin (French part)","MAF","Central government debt, total (% of GDP)","GC.DOD.TOTL.GD.ZS","","","","","","","","","","","","","","","","","","","","","","","","","","","","","","","","","","","","","","","","","","","","","","","","","","","","","","","","",
"Morocco","MAR","Central government debt, total (% of GDP)","GC.DOD.TOTL.GD.ZS","","","","","","","","","","","","","","","","","","","","","","","","","","","","","","","91.2500450577188","64.6112103929578","74.6326426294704","77.8575899916145","72.937124459973","71.7909895771073","","67.722034773105","63.9140443128634","64.5603216108058","","","56.4643732732261","","","","57.3110642279126","50.9355542495328","45.4427656365287","47.5036292832302","50.9624992353025","55.6277203238232","58.2247980553875","","","",
"Monaco","MCO","Central government debt, total (% of GDP)","GC.DOD.TOTL.GD.ZS","","","","","","","","","","","","","","","","","","","","","","","","","","","","","","","","","","","","","","","","","","","","","","","","","","","","","","","","",
"Moldova","MDA","Central government debt, total (% of GDP)","GC.DOD.TOTL.GD.ZS","","","","","","","","","","","","","","","","","","","","","","","","","","","","","","","","","","","","37.628748825235","40.1229860454116","48.087178525425","85.8247861791665","77.8983143065465","73.0193881885039","60.7753291163718","59.5592506390136","52.5339189609093","51.9546574016172","32.4252163949683","29.1790519570973","23.239752383563","18.4426494931108","27.6322264363496","26.3229814691074","23.7090558669758","24.3259057045236","","","",
"Madagascar","MDG","Central government debt, total (% of GDP)","GC.DOD.TOTL.GD.ZS","","","","","","","","","","","","","","","","","","","","","","","","","","","","","","","109.409211437795","139.933077161545","131.549653644313","125.621237758938","183.651602043548","119.809566721932","","","","","111.879457027838","96.7681651132524","","","","","","","","","","","","","","",
"Maldives","MDV","Central government debt, total (% of GDP)","GC.DOD.TOTL.GD.ZS","","","","","","","","","","","","","","","","","","","","","","","","","","","","","","","30.7823377634974","35.5734695506425","41.6154638148062","45.5515611288816","44.2117002448663","47.3520580907562","43.0352763629504","39.670387725631","40.9867359654762","40.126298421858","40.8644099852265","30.7330125615183","33.0807082382275","30.6059735097527","27.8308609934723","35.2467423434215","31.5541273660307","31.229928392257","32.5478163596549","50.0096894432934","61.1401469711363","64.894948409807","","","","",
"Middle East & North Africa (all income levels)","MEA","Central government debt, total (% of GDP)","GC.DOD.TOTL.GD.ZS","","","","","","","","","","","","","","","","","","","","","","","","","","","","","","","","","","","","","","","","","","","","","","","","","","","","","","","","",
"Mexico","MEX","Central government debt, total (% of GDP)","GC.DOD.TOTL.GD.ZS","","","","","","","","","","","","","","","","","","","","","","","","","","","","","","","46.3684059806746","38.0588847157036","28.1120911052451","20.2446701473608","28.1828350361042","33.9955244435466","26.0254438773894","21.5024579255104","23.3288420865441","21.2194288766551","19.7461544840953","","","","","","","","","","","","","","","",
"Marshall Islands","MHL","Central government debt, total (% of GDP)","GC.DOD.TOTL.GD.ZS","","","","","","","","","","","","","","","","","","","","","","","","","","","","","","","","","","","","","","","","","","","","","","","","","","","","","","","","",
"Middle income","MIC","Central government debt, total (% of GDP)","GC.DOD.TOTL.GD.ZS","","","","","","","","","","","","","","","","","","","","","","","","","","","","","","","","","","","","","","","","","","","","","","","","","","","","","","","","",
"Macedonia, FYR","MKD","Central government debt, total (% of GDP)","GC.DOD.TOTL.GD.ZS","","","","","","","","","","","","","","","","","","","","","","","","","","","","","","","","","","","","","","","","","","","","","","","","","","","","","","","","",
"Mali","MLI","Central government debt, total (% of GDP)","GC.DOD.TOTL.GD.ZS","","","","","","","","","","","","","","","","","","","","","","","","","","","","","","","","","","","","","","","","","","","","","","","","","","","","","","","","",
"Malta","MLT","Central government debt, total (% of GDP)","GC.DOD.TOTL.GD.ZS","","","","","","","","","","","","","","","","","","","","","","","","","","","","","","","46.9116999943318","52.9265865040788","56.877908716972","66.640517117997","69.8052693677839","75.291804140141","90.5450562997386","109.850065777862","119.876204264153","125.495968449435","124.260187375281","133.795231363316","","185.130224876259","192.852708783027","193.512230680345","178.288291931546","170.914129840856","75.8457010171581","81.9356138792172","82.9416866902958","82.7701435657174","87.1305762888387","88.2982265304436","","",
"Myanmar","MMR","Central government debt, total (% of GDP)","GC.DOD.TOTL.GD.ZS","","","","","","","","","","","","","","","","","","","","","","","","","","","","","","","","","","","","","","","","","","","","","","","","","","","","","","","","",
"Middle East & North Africa (developing only)","MNA","Central government debt, total (% of GDP)","GC.DOD.TOTL.GD.ZS","","","","","","","","","","","","","","","","","","","","","","","","","","","","","","","","","","","","","","","","","","","","","","","","","","","","","","","","",
"Montenegro","MNE","Central government debt, total (% of GDP)","GC.DOD.TOTL.GD.ZS","","","","","","","","","","","","","","","","","","","","","","","","","","","","","","","","","","","","","","","","","","","","","","","","","","","","","","","","",
"Mongolia","MNG","Central government debt, total (% of GDP)","GC.DOD.TOTL.GD.ZS","","","","","","","","","","","","","","","","","","","","","","","","","","","","","","","","","20.621673383358","41.4415301033198","51.434529837839","37.0712826765271","49.4796320305737","54.6275786922475","71.5753340452053","83.9144976966664","78.41832770873","69.0997980938579","","95.7255313439215","","","50.4944776193297","43.5140123874587","","59.507115138108","","","","","","",
"Northern Mariana Islands","MNP","Central government debt, total (% of GDP)","GC.DOD.TOTL.GD.ZS","","","","","","","","","","","","","","","","","","","","","","","","","","","","","","","","","","","","","","","","","","","","","","","","","","","","","","","","",
"Mozambique","MOZ","Central government debt, total (% of GDP)","GC.DOD.TOTL.GD.ZS","","","","","","","","","","","","","","","","","","","","","","","","","","","","","","","","","","","","","","","","","","","","","","","","","","","","","","","","",
"Mauritania","MRT","Central government debt, total (% of GDP)","GC.DOD.TOTL.GD.ZS","","","","","","","","","","","","","","","","","","","","","","","","","","","","","","","","","","","","","","","","","","","","","","","","","","","","","","","","",
"Mauritius","MUS","Central government debt, total (% of GDP)","GC.DOD.TOTL.GD.ZS","","","","","","","","","","","","","","","","","","","","","","","","","","","","","","","39.6503548884381","39.9249419701617","31.956009085482","30.2257658949548","31.1625452565023","32.8686070868854","35.7506771284378","35.8235584131776","33.5950575714958","31.7950345683429","32.6834510240077","30.7084177768654","40.4356169461353","46.3859209549416","40.2449282620808","43.0525086913441","39.7083062761193","36.2877988704825","34.9197274267633","37.7737531750923","50.4584015776983","50.8903411958107","50.1140017793698","","","",
"Malawi","MWI","Central government debt, total (% of GDP)","GC.DOD.TOTL.GD.ZS","","","","","","","","","","","","","","","","","","","","","","","","","","","","","","","","","","","","","","","","","","","","","","","","","","","","","","","","",
"Malaysia","MYS","Central government debt, total (% of GDP)","GC.DOD.TOTL.GD.ZS","","","","","","","","","","","","","","","","","","","","","","","","","","","","","","","79.5366179323318","73.3198641237983","64.3777251279192","55.6921593793011","47.6199733960913","41.0698874465101","","","","","","","43.0474515411835","45.0766412986635","45.6965419186624","42.0675597614326","40.5884641486101","40.0881257702829","39.7997545288773","50.8357553824479","49.5597627322917","50.0286816425423","51.646484791264","","","",
"North America","NAC","Central government debt, total (% of GDP)","GC.DOD.TOTL.GD.ZS","","","","","","","","","","","","","","","","","","","","","","","","","","","","","","","40.821366214969","43.9480251213022","45.9165412131178","48.1047481882525","47.2140613431426","47.0597812898124","46.5855092779056","43.9588000611952","41.0099128640157","37.6122710205055","33.1582225366632","51.9937058144439","53.5029168048066","55.9686812639751","56.3840390582169","56.2890963252477","55.2941842181172","55.6342946450577","64.0317771828835","76.3152722363308","68.4470280484982","71.0247843725961","73.218698767324","72.5005353304794","97.1502383249555","",
"Namibia","NAM","Central government debt, total (% of GDP)","GC.DOD.TOTL.GD.ZS","","","","","","","","","","","","","","","","","","","","","","","","","","","","","","","","","","","","","","","","","","","","","","","","","17.3596604894618","23.8575157410443","32.1353944052368","35.535840569707","","","","",
"New Caledonia","NCL","Central government debt, total (% of GDP)","GC.DOD.TOTL.GD.ZS","","","","","","","","","","","","","","","","","","","","","","","","","","","","","","","","","","","","","","","","","","","","","","","","","","","","","","","","",
"Niger","NER","Central government debt, total (% of GDP)","GC.DOD.TOTL.GD.ZS","","","","","","","","","","","","","","","","","","","","","","","","","","","","","","","","","","","","","","","","","","","","","","","","","","","","","","","","",
"Nigeria","NGA","Central government debt, total (% of GDP)","GC.DOD.TOTL.GD.ZS","","","","","","","","","","","","","","","","","","","","","","","","","","","","","","","","","","","","","","","","","","","","66.4329719879506","53.6304036345168","28.6454509295424","11.7842071707063","12.4049045068044","11.5287728976599","15.1307318172372","9.44954280454228","10.2327048226561","10.41933684786","","","",
"Nicaragua","NIC","Central government debt, total (% of GDP)","GC.DOD.TOTL.GD.ZS","","","","","","","","","","","","","","","","","","","","","","","","","","","","","","","","","","","","","","","","","","","","","","","","","","","","","","","","",
"Netherlands","NLD","Central government debt, total (% of GDP)","GC.DOD.TOTL.GD.ZS","","","","","","","","","","","","","","","","","","","","","","","","","","","","","","","55.5116722974784","56.0043449229768","56.8138480372512","57.2622242252971","54.9963592535243","68.4112990616","67.7728443354724","63.7733915196418","62.9017622028435","55.0082181786625","49.2656119590859","46.0375153506637","47.0969734483853","48.2435332939916","48.7820162148647","48.2609335021966","42.6931774396939","40.2153999895643","52.8380084479233","55.1253335544256","58.6278645536427","62.4229113945708","68.536372147237","68.2729078737726","","",
"High income: nonOECD","NOC","Central government debt, total (% of GDP)","GC.DOD.TOTL.GD.ZS","","","","","","","","","","","","","","","","","","","","","","","","","","","","","","","","","","","","","","","","","","","","","","","","","","","","","","","","",
"Norway","NOR","Central government debt, total (% of GDP)","GC.DOD.TOTL.GD.ZS","","","","","","","","","","","","","","","","","","","","","","","","","","","","","","","19.8470378321287","18.5942817213801","22.3428321040767","31.5607899518354","30.7519807766681","28.686337131252","23.5714553368536","20.8865322814556","19.0338316164485","19.3700563959419","23.0562517283137","19.5719624115021","28.0790504424807","36.2718737812058","38.3192084692261","35.3709160669341","48.1881559415559","44.8796771635429","43.5156846562114","35.2687465243829","35.1377887014693","20.2795657407862","20.774933832635","20.9531344652195","","",
"Nepal","NPL","Central government debt, total (% of GDP)","GC.DOD.TOTL.GD.ZS","","","","","","","","","","","","","","","","","","","","","","","","","","","","","","","52.6205809545912","64.911430440788","61.6569229882709","63.6815382338544","66.5412100044161","66.1836432074826","65.1978803839092","59.8824296913156","66.3514434343267","64.0681097896128","64.5733198414706","58.9890808776066","63.9354609821022","62.5881953798115","59.4156672858263","51.7646230480547","49.6869680346867","42.9786611378803","43.799987249558","","33.8625212320188","","","","","",
"New Zealand","NZL","Central government debt, total (% of GDP)","GC.DOD.TOTL.GD.ZS","","","","","","","","","","","","","","","","","","","","","","","","","","","","","","","","","","","","","","","","","","","32.7351278912703","48.1851977993067","43.7970502410509","44.0388699365504","42.9915703437599","37.0869239659712","36.4233092191911","47.5299674149906","49.6437319758981","63.4480294428398","67.9392849534103","60.1905729362344","","",
"High income: OECD","OEC","Central government debt, total (% of GDP)","GC.DOD.TOTL.GD.ZS","","","","","","","","","","","","","","","","","","","","","","","","","","","","","","","","","","","47.2140613431426","","","","","37.6122710205055","","","","","","","","","","","53.7312316203571","62.1274666201722","68.536372147237","75.8419548985955","","",
"OECD members","OED","Central government debt, total (% of GDP)","GC.DOD.TOTL.GD.ZS","","","","","","","","","","","","","","","","","","","","","","","","","","","","","","","","","","34.5058865012846","44.0175069513359","","31.973097796167","33.1166946766352","35.228053080891","34.3783384410396","","","","","","","","","","","53.6144907129436","61.8320218457735","68.2378285503237","68.2729078737726","","",
"Oman","OMN","Central government debt, total (% of GDP)","GC.DOD.TOTL.GD.ZS","","","","","","","","","","","","","","","","","","","","","","","","","","","","","","","19.5797814329275","27.1739130434783","30.2115750120094","27.3086851528021","29.4465806373684","27.4104501516836","25.9826702756073","23.7556449626406","28.750923681817","26.6780254519786","","","","15.6872881152172","13.853764073265","8.51811563885867","7.88007966735386","6.18534402847644","4.11989017042373","5.61560415580507","5.0391172452944","","","","","",
"Other small states","OSS","Central government debt, total (% of GDP)","GC.DOD.TOTL.GD.ZS","","","","","","","","","","","","","","","","","","","","","","","","","","","","","","","39.6503548884381","","","","","","","","","","","","","","","","","","","","","","","","","",
"Pakistan","PAK","Central government debt, total (% of GDP)","GC.DOD.TOTL.GD.ZS","","","","","","","","","","","","","","","","","","","","","","","","","","","","","","","78.7725332004153","76.3809057325292","74.9108034822321","79.4185625198325","","","","","79.0846919843326","","","","","","","","","","","","","","","","","",
"Panama","PAN","Central government debt, total (% of GDP)","GC.DOD.TOTL.GD.ZS","","","","","","","","","","","","","","","","","","","","","","","","","","","","","","","","","","","","","","","","","","","","","","","","","","","","","","","","",
"Peru","PER","Central government debt, total (% of GDP)","GC.DOD.TOTL.GD.ZS","","","","","","","","","","","","","","","","","","","","","","","","","","","","","","","194.401244167963","79.5810845614893","81.9318488825992","71.8669558301776","57.0030917979726","","","","","","","","","","","","32.828736184102","28.5288184819207","25.8571736683523","26.3204062773814","23.5176129372944","20.8610771250039","19.2116503134024","","","",
"Philippines","PHL","Central government debt, total (% of GDP)","GC.DOD.TOTL.GD.ZS","","","","","","","","","","","","","","","","","","","","","","","","","","","","","","","51.3017098372967","49.6981196479839","52.7731308807089","67.1312896883395","56.4165010762393","61.0637419325051","53.1896173066989","55.6537713305447","60.1252681647705","54.5186939614351","49.5810594986635","55.7166544139905","62.769969469187","67.7491448532778","73.9449655545801","","","","","","","","51.4824181483557","","","",
"Palau","PLW","Central government debt, total (% of GDP)","GC.DOD.TOTL.GD.ZS","","","","","","","","","","","","","","","","","","","","","","","","","","","","","","","","","","","","","","","","","","","","","","","","","","","","","","","","",
"Papua New Guinea","PNG","Central government debt, total (% of GDP)","GC.DOD.TOTL.GD.ZS","","","","","","","","","","","","","","","","","","","","","","","","","","","","","","","48.9532540146935","46.6108276015088","44.8643144683874","44.3261901337552","53.5450156411045","53.6620013882835","55.6433690965017","62.4046556302616","66.3501460864216","63.5373009220453","57.7415312557776","68.2675567269125","69.7344601261207","","","","","","","","","","","","","",
"Poland","POL","Central government debt, total (% of GDP)","GC.DOD.TOTL.GD.ZS","","","","","","","","","","","","","","","","","","","","","","","","","","","","","","","","","","","61.6365152097705","49.4766812684197","43.8258430717803","42.9011691880841","39.4078984768706","39.9705307537752","36.2742166182975","32.9460556761435","41.2744849515863","44.9880007735865","44.409073827194","46.8370481730985","46.793914424681","42.4760252469512","44.5707518098021","47.430258573558","50.9814817377825","51.5774402080486","55.155028385652","55.5915720253257","","",
"Puerto Rico","PRI","Central government debt, total (% of GDP)","GC.DOD.TOTL.GD.ZS","","","","","","","","","","","","","","","","","","","","","","","","","","","","","","","","","","","","","","","","","","","","","","","","","","","","","","","","",
"Korea, Dem. People’s Rep.","PRK","Central government debt, total (% of GDP)","GC.DOD.TOTL.GD.ZS","","","","","","","","","","","","","","","","","","","","","","","","","","","","","","","","","","","","","","","","","","","","","","","","","","","","","","","","",
"Portugal","PRT","Central government debt, total (% of GDP)","GC.DOD.TOTL.GD.ZS","","","","","","","","","","","","","","","","","","","","","","","","","","","","","","","","","","8.24492615038941","5.65684748841426","","","","","","","","","","","","","","","","100.248367958057","102.410174533787","133.881608750281","138.046002848182","","",
"Paraguay","PRY","Central government debt, total (% of GDP)","GC.DOD.TOTL.GD.ZS","","","","","","","","","","","","","","","","","","","","","","","","","","","","","","","","","","","","","","","","","","","","","","","","","","","","","","","","",
"Pacific island small states","PSS","Central government debt, total (% of GDP)","GC.DOD.TOTL.GD.ZS","","","","","","","","","","","","","","","","","","","","","","","","","","","","","","","","","","","","","","","","","","","","","","","","","","","","","","","","",
"French Polynesia","PYF","Central government debt, total (% of GDP)","GC.DOD.TOTL.GD.ZS","","","","","","","","","","","","","","","","","","","","","","","","","","","","","","","","","","","","","","","","","","","","","","","","","","","","","","","","",
"Qatar","QAT","Central government debt, total (% of GDP)","GC.DOD.TOTL.GD.ZS","","","","","","","","","","","","","","","","","","","","","","","","","","","","","","","","","","","","","","","","","","","","","","","","","","","","","","","","",
"Romania","ROU","Central government debt, total (% of GDP)","GC.DOD.TOTL.GD.ZS","","","","","","","","","","","","","","","","","","","","","","","","","","","","","","","","","","","","","","","","","","","","","","","","","","","34.5976735269332","38.846237426057","41.4859518855537","41.4945126368626","","",
"Russian Federation","RUS","Central government debt, total (% of GDP)","GC.DOD.TOTL.GD.ZS","","","","","","","","","","","","","","","","","","","","","","","","","","","","","","","","","","","","","","","143.950262634621","100.744832827998","62.1492843872098","48.983518636075","41.3958615287368","","","16.6608684674098","9.89107334166946","7.15842972855598","6.49528737183842","8.69786623349467","9.08989981510815","9.26863863028677","9.35240881935417","13.6024832877687","","",
"Rwanda","RWA","Central government debt, total (% of GDP)","GC.DOD.TOTL.GD.ZS","","","","","","","","","","","","","","","","","","","","","","","","","","","","","","","49.7969202729087","47.8601030997282","48.4289742567034","","","","","","","","","","","","","","","","","","","","","","","",
"South Asia","SAS","Central government debt, total (% of GDP)","GC.DOD.TOTL.GD.ZS","","","","","","","","","","","","","","","","","","","","","","","","","","","","","","","65.6965570775032","70.6461680866586","68.2838632352515","71.5500503768434","66.5412100044161","66.1836432074826","65.1978803839092","59.8824296913156","72.7180677093296","64.0681097896128","64.5733198414706","58.49491764833","62.7050773286947","61.8532114891849","61.5142061953201","61.1946742151563","59.1099377543981","56.4780712633742","","","50.6001292514601","","","","","",
"Saudi Arabia","SAU","Central government debt, total (% of GDP)","GC.DOD.TOTL.GD.ZS","","","","","","","","","","","","","","","","","","","","","","","","","","","","","","","","","","","","","","","","","","","","","","","","","","","","","","","","",
"Sudan","SDN","Central government debt, total (% of GDP)","GC.DOD.TOTL.GD.ZS","","","","","","","","","","","","","","","","","","","","","","","","","","","","","","","","","","","","","","","7.86949168449653","8.65873242919908","","","","","","","","","","","","","","","","",
"Senegal","SEN","Central government debt, total (% of GDP)","GC.DOD.TOTL.GD.ZS","","","","","","","","","","","","","","","","","","","","","","","","","","","","","","","","","","","","","85.9831543445965","85.14968027841","82.5060649381561","83.6137035077375","73.723628577014","68.8524866430016","","","","","","","","","","","","","","",
"Singapore","SGP","Central government debt, total (% of GDP)","GC.DOD.TOTL.GD.ZS","","","","","","","","","","","","","","","","","","","","","","","","","","","","","","","77.8387486118459","78.962945424411","81.8417001322932","72.8302522209012","70.1990093017725","72.7150566765643","72.6539458380202","71.3323718175003","82.6190408134952","87.8619404184208","84.0527376909375","94.4715425809553","107.022478905715","109.311000628418","102.53391813017","95.2573158425833","83.3044478037771","77.6885365445431","97.1051590482255","107.336577835902","102.903421039325","106.302231679484","109.744005850979","","","",
"Solomon Islands","SLB","Central government debt, total (% of GDP)","GC.DOD.TOTL.GD.ZS","","","","","","","","","","","","","","","","","","","","","","","","","","","","","","","","","","","","","","","","","","","","","","","","","","","","","","","","",
"Sierra Leone","SLE","Central government debt, total (% of GDP)","GC.DOD.TOTL.GD.ZS","","","","","","","","","","","","","","","","","","","","","","","","","","","","","","","","","","","","","","","","","","","","","","","","","","","","","","","","",
"El Salvador","SLV","Central government debt, total (% of GDP)","GC.DOD.TOTL.GD.ZS","","","","","","","","","","","","","","","","","","","","","","","","","","","","","","","","","","","","","","","224.52699963359","255.207906873009","245.642257269246","31.4522133398973","55.2775981043847","50.9726391567586","49.0850277308318","48.3368250008775","43.5665502218245","41.0233324612408","40.6443952778685","49.5368090992691","49.5207369399065","47.8298623979429","","55.8574837069677","","",
"San Marino","SMR","Central government debt, total (% of GDP)","GC.DOD.TOTL.GD.ZS","","","","","","","","","","","","","","","","","","","","","","","","","","","","","","","","","","","","5102.68132487772","","","","","","","16.5484663101604","34.4739344723618","41.491350801131","51.0809924050633","62.0422667805295","61.4591896188159","59.0464098689283","","","","","","","",
"Somalia","SOM","Central government debt, total (% of GDP)","GC.DOD.TOTL.GD.ZS","","","","","","","","","","","","","","","","","","","","","","","","","","","","","","","","","","","","","","","","","","","","","","","","","","","","","","","","",
"Serbia","SRB","Central government debt, total (% of GDP)","GC.DOD.TOTL.GD.ZS","","","","","","","","","","","","","","","","","","","","","","","","","","","","","","","","","","","","","","","","","","","","","","","","","","","","","","","","",
"Sub-Saharan Africa (developing only)","SSA","Central government debt, total (% of GDP)","GC.DOD.TOTL.GD.ZS","","","","","","","","","","","","","","","","","","","","","","","","","","","","","","","","","","","","","","","","","","","","","","","","","","","","","","","","",
"South Sudan","SSD","Central government debt, total (% of GDP)","GC.DOD.TOTL.GD.ZS","","","","","","","","","","","","","","","","","","","","","","","","","","","","","","","","","","","","","","","","","","","","","","","","","","","","","","","","",
"Sub-Saharan Africa (all income levels)","SSF","Central government debt, total (% of GDP)","GC.DOD.TOTL.GD.ZS","","","","","","","","","","","","","","","","","","","","","","","","","","","","","","","","","","","","","","","","","","","","","","","","","","","","","","","","",
"Small states","SST","Central government debt, total (% of GDP)","GC.DOD.TOTL.GD.ZS","","","","","","","","","","","","","","","","","","","","","","","","","","","","","","","","","","","","","","","","","","","","","","","","","","","","","","","","",
"Sao Tome and Principe","STP","Central government debt, total (% of GDP)","GC.DOD.TOTL.GD.ZS","","","","","","","","","","","","","","","","","","","","","","","","","","","","","","","","","","","","","","","","","","","","","","","","","","","","","","","","",
"Suriname","SUR","Central government debt, total (% of GDP)","GC.DOD.TOTL.GD.ZS","","","","","","","","","","","","","","","","","","","","","","","","","","","","","","","","","","","","","","","","","","","","","","","","","","","","","","","","",
"Slovak Republic","SVK","Central government debt, total (% of GDP)","GC.DOD.TOTL.GD.ZS","","","","","","","","","","","","","","","","","","","","","","","","","","","","","","","","","","","","","0.772538105802806","0.876053974509531","0.890942595369324","1.45014952529928","1.5961436420048","1.53316242057547","1.30195451099632","44.5055656717775","43.9413876421057","36.4397853320873","32.2682460855898","31.1878963635335","29.5829800019455","37.6304426435561","44.5961791847917","47.0589419830634","53.3098562545627","63.2000140637741","","",
"Slovenia","SVN","Central government debt, total (% of GDP)","GC.DOD.TOTL.GD.ZS","","","","","","","","","","","","","","","","","","","","","","","","","","","","","","","","","","","","16.5820036202421","19.9739048771686","20.582109142769","21.1212660406064","21.6594821119473","","","","","","","","","","","","","","","","",
"Sweden","SWE","Central government debt, total (% of GDP)","GC.DOD.TOTL.GD.ZS","","","","","","","","","","","","","","","","","","","","","","","","","","","","","","","","","","","","","","","","","","","","","","","","","","","42.283509574164","42.8164646881496","42.0213308727746","41.9805889213771","","",
"Swaziland","SWZ","Central government debt, total (% of GDP)","GC.DOD.TOTL.GD.ZS","","","","","","","","","","","","","","","","","","","","","","","","","","","","","","","","","","","","","","","","","","","","","","","","","","","","","","","","",
"Sint Maarten (Dutch part)","SXM","Central government debt, total (% of GDP)","GC.DOD.TOTL.GD.ZS","","","","","","","","","","","","","","","","","","","","","","","","","","","","","","","","","","","","","","","","","","","","","","","","","","","","","","","","",
"Seychelles","SYC","Central government debt, total (% of GDP)","GC.DOD.TOTL.GD.ZS","","","","","","","","","","","","","","","","","","","","","","","","","","","","","","","","","","","","","","","","","","","","","","","","","176.7900093515","100.339201536241","75.5393742844056","78.8418861321708","72.9926551788098","","","",
"Syrian Arab Republic","SYR","Central government debt, total (% of GDP)","GC.DOD.TOTL.GD.ZS","","","","","","","","","","","","","","","","","","","","","","","","","","","","","","","","","","","","","","","","","","","","","","","","","","","","","","","","",
"Turks and Caicos Islands","TCA","Central government debt, total (% of GDP)","GC.DOD.TOTL.GD.ZS","","","","","","","","","","","","","","","","","","","","","","","","","","","","","","","","","","","","","","","","","","","","","","","","","","","","","","","","",
"Chad","TCD","Central government debt, total (% of GDP)","GC.DOD.TOTL.GD.ZS","","","","","","","","","","","","","","","","","","","","","","","","","","","","","","","","","","","","","","","","","","","","","","","","","","","","","","","","",
"Togo","TGO","Central government debt, total (% of GDP)","GC.DOD.TOTL.GD.ZS","","","","","","","","","","","","","","","","","","","","","","","","","","","","","","","","","","","","","","","","","","","","","","","","","","","","","","","","",
"Thailand","THA","Central government debt, total (% of GDP)","GC.DOD.TOTL.GD.ZS","","","","","","","","","","","","","","","","","","","","","","","","","","","","","","","18.4477535013577","13.3655671677629","10.878995016319","8.18621089519369","5.69321982732869","4.61010031721765","3.6734968103557","4.64153117549438","10.6698440832924","20.0058004165083","21.9645742374832","24.5782796541","30.0703568439841","27.0460231829347","24.3964377450347","25.4581341823903","24.3806272572793","22.9934520982598","22.4502104780378","26.7920960992814","26.9151471366461","28.1479610499992","28.4509001302829","29.2309683379708","","",
"Tajikistan","TJK","Central government debt, total (% of GDP)","GC.DOD.TOTL.GD.ZS","","","","","","","","","","","","","","","","","","","","","","","","","","","","","","","","","","","","","","","","151.544170438754","114.072250494965","79.803703367815","","","","","","","","","","","","","","",
"Turkmenistan","TKM","Central government debt, total (% of GDP)","GC.DOD.TOTL.GD.ZS","","","","","","","","","","","","","","","","","","","","","","","","","","","","","","","","","","","","","","","","","","","","","","","","","","","","","","","","",
"Timor-Leste","TLS","Central government debt, total (% of GDP)","GC.DOD.TOTL.GD.ZS","","","","","","","","","","","","","","","","","","","","","","","","","","","","","","","","","","","","","","","","","","","","","","","","","","","","","","","","",
"Tonga","TON","Central government debt, total (% of GDP)","GC.DOD.TOTL.GD.ZS","","","","","","","","","","","","","","","","","","","","","","","","","","","","","","","","","","","","","","","","","","","","","","","","","","","","","","","","",
"Trinidad and Tobago","TTO","Central government debt, total (% of GDP)","GC.DOD.TOTL.GD.ZS","","","","","","","","","","","","","","","","","","","","","","","","","","","","","","","","","","58.8872119110749","53.4375","51.512445972805","","","","","","","","","","","16.8032186009608","15.9279460836929","","","","","","","","",
"Tunisia","TUN","Central government debt, total (% of GDP)","GC.DOD.TOTL.GD.ZS","","","","","","","","","","","","","","","","","","","","","","","","","","","","","","","54.7703800956018","60.6727188081937","55.4991317544397","59.3098274568642","59.0345141585198","57.518267866149","55.2965179400303","56.9353278066895","54.2817440338334","55.6386363803379","56.7214685407345","56.467642102279","55.9340939899214","55.0211600274784","53.8374194744404","52.4205297222421","48.562318473175","45.7895412461289","43.2919349060393","42.9297921509547","40.6624079372229","44.5602425308428","44.5735240918989","","","",
"Turkey","TUR","Central government debt, total (% of GDP)","GC.DOD.TOTL.GD.ZS","","","","","","","","","","","","","","","","","","","","","","","","","","","","","","","30.2454942016516","32.1299111323629","34.0172765253785","33.6982240635611","44.0175069513359","35.841399837353","37.9207517149446","44.2932894665075","31.0482076849113","","","","","","","","","","43.479969609053","52.9440420652479","50.0749295857518","45.5186859009073","43.5257380946991","38.01021442591","","",
"Tuvalu","TUV","Central government debt, total (% of GDP)","GC.DOD.TOTL.GD.ZS","","","","","","","","","","","","","","","","","","","","","","","","","","","","","","","","","","","","","","","","","","","","","","","","","","","","","","","","",
"Tanzania","TZA","Central government debt, total (% of GDP)","GC.DOD.TOTL.GD.ZS","","","","","","","","","","","","","","","","","","","","","","","","","","","","","","","","","","","","","","","","","","","","","","","","","","","","","","","","",
"Uganda","UGA","Central government debt, total (% of GDP)","GC.DOD.TOTL.GD.ZS","","","","","","","","","","","","","","","","","","","","","","","","","","","","","","","","","","","","","","","57.0469931640302","46.4462408361585","42.9265884592521","","","","69.3423614438549","64.9470689673927","57.9277474414141","26.4924032713057","33.1931998927099","28.9163955960748","27.5493382062034","35.4399218138434","33.2117956196732","","","",
"Ukraine","UKR","Central government debt, total (% of GDP)","GC.DOD.TOTL.GD.ZS","","","","","","","","","","","","","","","","","","","","","","","","","","","","","","","","","","","","","","","","60.976448181234","45.2874698653496","","","","","","","","13.826704329702","24.8751238579069","29.8803309535004","27.4827594960273","33.7030859227334","","","",
"Upper middle income","UMC","Central government debt, total (% of GDP)","GC.DOD.TOTL.GD.ZS","","","","","","","","","","","","","","","","","","","","","","","","","","","","","","","","","","","","","","","","","","","","","","","","","","","","","","","","",
"Uruguay","URY","Central government debt, total (% of GDP)","GC.DOD.TOTL.GD.ZS","","","","","","","","","","","","","","","","","","","","","","","","","","","","","","","31.5959630364015","24.5905757591411","23.6047773194107","21.8791430371302","24.5301880718095","","","","","","","40.6433348596506","95.2678607204109","105.602780852245","85.425594123742","76.1144597080025","69.0268963476743","58.5120605304436","57.2526825176099","49.2733292135984","44.2227017546251","45.3514512209494","43.3025365152739","","","",
"United States","USA","Central government debt, total (% of GDP)","GC.DOD.TOTL.GD.ZS","","","","","","","","","","","","","","","","","","","","","","","","","","","","","","","40.821366214969","43.9480251213022","45.9165412131178","48.1047481882525","47.2140613431426","47.0597812898124","46.5855092779056","43.9588000611952","41.0099128640157","37.6122710205055","33.1582225366632","51.9937058144439","53.5029168048066","55.9686812639751","56.3840390582169","56.2890963252477","55.2941842181172","55.6342946450577","64.0317771828835","76.3152722363308","85.6015942399721","90.1621260469988","94.3288124758788","96.1572103809548","97.1502383249555","",
"Uzbekistan","UZB","Central government debt, total (% of GDP)","GC.DOD.TOTL.GD.ZS","","","","","","","","","","","","","","","","","","","","","","","","","","","","","","","","","","","","","","","","","","","","","","","","","","","","","","","","",
"St. Vincent and the Grenadines","VCT","Central government debt, total (% of GDP)","GC.DOD.TOTL.GD.ZS","","","","","","","","","","","","","","","","","","","","","","","","","","","","","","","","","","","","","","","","","","","","","","","","","","","","","","","","",
"Venezuela, RB","VEN","Central government debt, total (% of GDP)","GC.DOD.TOTL.GD.ZS","","","","","","","","","","","","","","","","","","","","","","","","","","","","","","","","","","","","","","","","","","","","","","","","","","","","","","","","",
"Virgin Islands (U.S.)","VIR","Central government debt, total (% of GDP)","GC.DOD.TOTL.GD.ZS","","","","","","","","","","","","","","","","","","","","","","","","","","","","","","","","","","","","","","","","","","","","","","","","","","","","","","","","",
"Vietnam","VNM","Central government debt, total (% of GDP)","GC.DOD.TOTL.GD.ZS","","","","","","","","","","","","","","","","","","","","","","","","","","","","","","","","","","","","","","","","","","","","","","","","","","","","","","","","",
"Vanuatu","VUT","Central government debt, total (% of GDP)","GC.DOD.TOTL.GD.ZS","","","","","","","","","","","","","","","","","","","","","","","","","","","","","","","24.9665623988782","","","","","25.7788963886664","23.814391588478","24.893760539629","28.4022961014111","27.3040009250694","","","","","","","","","","","","","","","","",
"West Bank and Gaza","PSE","Central government debt, total (% of GDP)","GC.DOD.TOTL.GD.ZS","","","","","","","","","","","","","","","","","","","","","","","","","","","","","","","","","","","","","","","","","","","","","","","","","","","","","","","","",
"World","WLD","Central government debt, total (% of GDP)","GC.DOD.TOTL.GD.ZS","","","","","","","","","","","","","","","","","","","","","","","","","","","","","","","","","","","","","","","","","","","","","","","","","","","","","","","","",
"Samoa","WSM","Central government debt, total (% of GDP)","GC.DOD.TOTL.GD.ZS","","","","","","","","","","","","","","","","","","","","","","","","","","","","","","","","","","","","","","","","","","","","","","","","","","","","","","","","",
"Yemen, Rep.","YEM","Central government debt, total (% of GDP)","GC.DOD.TOTL.GD.ZS","","","","","","","","","","","","","","","","","","","","","","","","","","","","","","","","","","","","","","","","","","","","","","","","","","","","","","","","",
"South Africa","ZAF","Central government debt, total (% of GDP)","GC.DOD.TOTL.GD.ZS","","","","","","","","","","","","","","","","","","","","","","","","","","","","","","","36.4562362129629","38.1387405594106","41.5514772524324","43.78399219423","49.2297218472769","49.5658713261183","48.9129342676567","47.8134157497599","49.5832864003749","46.772906247632","44.1132417029933","","","","","","","","26.018471258551","","","","","","","",
"Congo, Dem. Rep.","COD","Central government debt, total (% of GDP)","GC.DOD.TOTL.GD.ZS","","","","","","","","","","","","","","","","","","","","","","","","","","","","","","","289.844727084861","113.584666666667","128.444708097928","104.00210747895","169.786611378329","232.936231054902","243.595506269697","152.187001902338","","","","","","","","","","","","","","","","","","",
"Zambia","ZMB","Central government debt, total (% of GDP)","GC.DOD.TOTL.GD.ZS","","","","","","","","","","","","","","","","","","","","","","","","","","","","","","","244.380536439033","277.530307986501","164.700753558863","161.786076869105","149.209889858483","155.279224614308","175.934490736564","150.072548942759","161.232157851948","","","","","","","","","","","","","","","","","",
"Zimbabwe","ZWE","Central government debt, total (% of GDP)","GC.DOD.TOTL.GD.ZS","","","","","","","","","","","","","","","","","","","","","","","","","","","","","","","48.4404956992584","54.9036239705362","59.3143780924241","58.9767183387326","55.43439299903","77.088212828816","62.1851060072514","57.4067978726188","","","","","","","","","","","","","","","","","","",
